Date,Weekly_Sales,Rolling_Mean,Is_Spike,SMI_Hype_Index,SMI_Momentum,SMI_Persistence
2011-09-30,1803,,False,0.0033696132590987082,0.0,0.0033696132590987082
2011-10-07,1924,,False,0.04695626087146835,0.04358664761236964,0.020804272304046568
2011-10-14,1729,1825.5,False,0.16552110886106314,0.1185648479895948,0.0786910069268532
2011-10-21,1846,1791.25,True,0.2859734446002352,0.12045233573917208,0.16160398199620601
2011-10-28,1666,1715.25,False,0.15278880799207117,-0.13318463660816404,0.1580779123945521
2011-11-04,1620,1684.5,False,0.03156100555902003,-0.12122780243305115,0.10747114966033927
2011-11-11,1606,1717.0,False,0.1957624159739335,0.16420141041491348,0.14278765618577696
2011-11-18,1976,1813.25,True,0.482819206356622,0.2870567903826885,0.27880027625411496
2011-11-25,2051,1751.5,True,0.5154470959505053,0.0326278895938833,0.3734590041326711
2011-12-02,1373,1850.75,False,0.3838163901020528,-0.1316307058484525,0.3776019585204238
2011-12-09,2003,1870.25,True,0.5089311528611854,0.12511476275913258,0.4301336362567284
2011-12-16,2054,1963.25,True,0.7328644794968923,0.22393332663570686,0.551225973552794
2011-12-23,2423,2182.0,True,0.7373961166477006,0.0045316371508082876,0.6256940307907566
2011-12-30,2248,2200.0,True,0.5403600806831519,-0.19703603596454866,0.5915604507477147
2012-01-06,2075,2075.5,False,0.18694995582547977,-0.3534101248576721,0.4297162527788207
2012-01-13,1556,1847.25,False,0.034957788488610336,-0.15199216733686943,0.2718128670627365
2012-01-20,1510,1821.0,False,0.180882381932943,0.14592459344433267,0.2354406730108191
2012-01-27,2143,1772.75,True,0.3631024229257239,0.1822200409927809,0.286505372976781
2012-02-03,1882,1893.75,False,0.384380415706221,0.02127799278049708,0.32565539006855704
2012-02-10,2040,1968.25,True,0.45943080769269323,0.07505039198647223,0.37916555711821154
2012-02-17,1808,1780.0,True,0.4510098659576365,-0.008420941735056753,0.4079032806539815
2012-02-24,1390,1611.75,False,0.17149166088363615,-0.2795182050740003,0.3133386327458434
2012-03-02,1209,1434.5,False,0.11276512051992321,-0.05872654036371294,0.23310922785547533
2012-03-09,1331,1244.0,True,0.20337926816522373,0.09061414764530051,0.2212172439793747
2012-03-16,1046,1159.25,False,0.13396958951058235,-0.06940967865464137,0.18631818219185775
2012-03-23,1051,1120.0,False,0.10035095530394181,-0.033618634206640546,0.15193129143669137
2012-03-30,1052,1045.25,True,0.17813632316707734,0.07778536786313553,0.16241330412884575
2012-04-06,1032,1089.0,False,0.196387051689433,0.018250728522355653,0.17600280315308064
2012-04-13,1221,1081.75,True,0.1918316430975156,-0.004555408591917387,0.18233433913085462
2012-04-20,1022,1046.5,False,0.09814241265906515,-0.09368923043845045,0.14865756854213882
2012-04-27,911,986.25,False,0.02575017889499808,-0.07239223376406706,0.09949461268328252
2012-05-04,791,938.75,False,0.10093527640823813,0.07518509751324004,0.10007087817326477
2012-05-11,1031,921.5,True,0.2477062611627744,0.14677098475453626,0.1591250313690686
2012-05-18,953,940.25,True,0.3279411669379517,0.08023490577517733,0.22665148559662185
2012-05-25,986,972.25,True,0.24436807609717015,-0.08357309084078157,0.23373812179684117
2012-06-01,919,969.25,False,0.11774317903096483,-0.12662489706620533,0.18734014469049065
2012-06-08,1019,1066.0,False,0.11379278857929359,-0.00395039045167124,0.1579212022460118
2012-06-15,1340,1013.0,True,0.22452950978014033,0.11073672120084674,0.18456452525966321
2012-06-22,774,1168.25,False,0.28382087302835024,0.05929136324820991,0.22426706436713803
2012-06-29,1540,1406.5,True,0.40122349418387376,0.11740262115552352,0.29504963629383235
2012-07-06,1972,1507.5,True,0.4230693358064546,0.021845841622580853,0.3462575160988813
2012-07-13,1744,1747.0,False,0.2007954779909545,-0.2222738578155001,0.2880727008557106
2012-07-20,1732,1810.5,False,0.1749170935447554,-0.02587838444619911,0.2428104579313285
2012-07-27,1794,1753.75,True,0.43083001110239144,0.255912917557636,0.3180182791997537
2012-08-03,1745,1702.0,True,0.4131738914431374,-0.017656119659254066,0.3560805240971071
2012-08-10,1537,1659.5,False,0.18363844968313991,-0.22953544175999746,0.2871036943315202
2012-08-17,1562,1631.25,False,0.14244326799344395,-0.041195181689695964,0.22923952379628973
2012-08-24,1681,1548.75,True,0.2594191555565321,0.11697588756308816,0.2413113765003867
2012-08-31,1415,1553.0,False,0.17803680716340414,-0.08138234839312797,0.2160015487655937
2012-09-07,1554,1617.25,False,0.18108424185624428,0.003047434692840134,0.2020346260018539
2012-09-14,1819,1644.5,True,0.4699642418921365,0.2888800000358922,0.30920647235796694
2012-09-21,1790,1743.75,True,0.5848541927063834,0.11488995081424691,0.4194655604973335
2012-09-28,1812,1637.75,True,0.4699008028024166,-0.11495338990396681,0.4396396574193667
2012-10-05,1130,1660.75,False,0.3555740008609001,-0.11432680194151651,0.4060133947959801
2012-10-12,1911,1656.25,True,0.44379946175009327,0.0882254608891932,0.42112782157762535
2012-10-19,1772,1417.25,True,0.44166936802682943,-0.0021300937232638373,0.429344440157307
2012-10-26,856,1460.75,False,0.1695119424692021,-0.27215742555762734,0.32541144108206504
2012-11-02,1304,1348.0,False,0.12141850261595429,-0.04809343985324781,0.24381426569562073
2012-11-09,1460,1243.25,True,0.2411682317337585,0.11974972911780422,0.24275585211087583
2012-11-16,1353,1410.5,False,0.25170515128212756,0.01053691954836905,0.2463355717793765
2012-11-23,1525,1362.25,True,0.26077618425761057,0.009071032975483007,0.2521118167706701
2012-11-30,1111,1412.0,False,0.2908708146883806,0.030094630430770042,0.26761541593775434
2012-12-07,1659,1428.75,True,0.3815872130282073,0.0907163983398267,0.3132041347739355
2012-12-14,1420,1385.0,True,0.38621101798028584,0.004623804952078536,0.3424068880564756
2012-12-21,1350,1571.5,False,0.30530443457128914,-0.0809065834089967,0.32756590666240104
2012-12-28,1857,1608.25,True,0.4372982212520394,0.13199378668075024,0.3714588324982564
2013-01-04,1806,1660.75,True,0.4514289227532348,0.014130701501195442,0.40344686860024775
2013-01-11,1630,1718.5,False,0.2958372748357271,-0.15559164791750774,0.3604030310944395
2013-01-18,1581,1483.5,True,0.23453010605749086,-0.06130716877823622,0.31005386107966004
2013-01-25,917,1330.25,False,0.16911684340140004,-0.06541326265609082,0.25367905400835605
2013-02-01,1193,1223.5,False,0.1126824987490637,-0.056434344652336335,0.19728043190463912
2013-02-08,1203,1076.25,True,0.1804213697083189,0.0677388709592552,0.19053680702611103
2013-02-15,992,1103.25,False,0.09573360620569192,-0.08468776350262698,0.15261552669794337
2013-02-22,1025,1033.5,False,0.013116459625825154,-0.08261714657986677,0.09681589986909608
2013-03-01,914,988.75,False,0.03000109401082029,0.016884634384995136,0.07008997752578577
2013-03-08,1024,1029.25,False,0.12666703746600905,0.09666594345518875,0.09272080150187509
2013-03-15,1154,1057.75,True,0.3007019336364954,0.17403489617048634,0.17591325435572322
2013-03-22,1139,1125.75,True,0.36356730417070493,0.06286537053420954,0.2509748742817159
2013-03-29,1186,1149.75,True,0.29765971342103253,-0.0659075907496724,0.26964880993744256
2013-04-05,1120,1176.75,False,0.20220374084004453,-0.09545597258098801,0.24267078229848335
2013-04-12,1262,1161.75,True,0.20398204037151518,0.0017782995314706562,0.22719528552769608
2013-04-19,1079,1133.5,False,0.1344074765484339,-0.06957456382308128,0.1900801619359912
2013-04-26,1073,1154.0,False,0.12303052205394836,-0.011376954494485544,0.16326030598317406
2013-05-03,1202,1140.5,True,0.2988447296695911,0.1758142076156427,0.21749407545774085
2013-05-10,1208,1179.25,True,0.387204634647462,0.08835990497787094,0.28537829913362933
2013-05-17,1234,1185.5,True,0.28881877018294927,-0.09838586446451275,0.2867544875533573
2013-05-24,1098,1138.75,False,0.13520328797396097,-0.1536154822089883,0.22613400772159878
2013-05-31,1015,1149.0,False,0.11354886019013828,-0.02165442778382269,0.18109994870901458
2013-06-07,1249,1146.5,True,0.22640742706433536,0.11285856687419708,0.19922294005114288
2013-06-14,1224,1228.75,False,0.22913242504356365,0.0027249979792282886,0.21118673404811117
2013-06-21,1427,1301.0,True,0.24216040117028306,0.01302797612671941,0.22357620089697994
2013-06-28,1304,1434.5,False,0.27908100255606283,0.03692060138577977,0.2457781215606131
2013-07-05,1783,1431.25,True,0.2800817749649548,0.001000772408891959,0.25949958292234976
2013-07-12,1211,1338.5,False,0.17657065745573333,-0.10351111750922146,0.2263280127357032
2013-07-19,1056,1313.0,False,0.11257069791117201,-0.06399995954456132,0.1808250868058907
2013-07-26,1202,1115.5,True,0.20544424223176383,0.09287354432059182,0.19067274897623998
2013-08-02,993,1091.75,False,0.20033506506542167,-0.005109177166342155,0.19453767541191266
2013-08-09,1116,1109.5,True,0.17239437392688453,-0.027940691138537144,0.1856803548179014
2013-08-16,1127,1159.25,False,0.13755181540002265,-0.03484255852686188,0.1664289390507499
2013-08-23,1401,1638.75,False,0.28463373039979295,0.1470819149997703,0.21371085559036712
2013-08-30,2911,2016.75,True,0.7123527316096572,0.4277190012098642,0.4131676059980831
2013-09-06,2628,2619.75,True,0.9925966794209246,0.2802439478112674,0.6449392353672196
2013-09-13,3539,3005.75,True,1.0,0.007403320579075445,0.7869635412203317
2013-09-20,2945,2800.5,True,0.7449932247548605,-0.2550067752451395,0.7701754146341433
2013-09-27,2090,2343.25,False,0.261233495574342,-0.4837597291805185,0.5665986470102228
2013-10-04,799,1759.25,False,0.020120290685344277,-0.24111320488899773,0.34800730448027134
2013-10-11,1203,1315.0,False,0.10175875025861923,0.08163845957327495,0.24950788279161049
2013-10-18,1168,1043.5,True,0.1874663606842348,0.08570761042561557,0.22469127394866023
2013-10-25,1004,1100.5,False,0.1149578393750754,-0.07250852130915941,0.18079790011922628
2013-11-01,1027,1057.25,False,0.08285753448231593,-0.03210030489275946,0.14162175386446213
2013-11-08,1030,927.25,True,0.15641352827910146,0.07355599379678553,0.14753846363031786
2013-11-15,648,684.0,False,0.08471974378269181,-0.07169378449640965,0.12241097569126744
2013-11-22,31,433.25,False,0.043032335399423485,-0.04168740838326833,0.09065951957452985
2013-11-29,24,585.5,False,0.14990723750859972,0.10687490210917623,0.11435860674815779
2013-12-06,1639,521.5,True,0.25560746043607047,0.10570022292747075,0.17085814822332285
2013-12-13,392,518.75,False,0.1513074132050999,-0.10430004723097056,0.16303785421603367
2013-12-20,20,608.75,False,0.03775640421825779,-0.11355100898684212,0.11292527421692332
2013-12-27,384,571.5,False,0.1237171939530138,0.08596078973475602,0.1172420421113595
2014-01-03,1490,589.25,True,0.23892575196773488,0.11520855801472109,0.16591552605390963
2014-01-10,463,815.25,False,0.14588758056553472,-0.09303817140220016,0.15790434785855967
2014-01-17,924,934.25,False,0.08479980842103012,-0.0610877721445046,0.12866253208354786
2014-01-24,860,771.75,True,0.15818565624544534,0.07338584782441522,0.14047178174830685
2014-01-31,840,864.5,False,0.1436686313317287,-0.014517024913716647,0.1417505215816756
2014-02-07,834,636.75,True,0.12296157167166334,-0.02070705966006535,0.1342349416176707
2014-02-14,13,429.5,False,0.07050213284878579,-0.052459438822877555,0.10874181811011673
2014-02-21,31,229.75,False,0.007957570463215703,-0.06254456238557009,0.0684281190513563
2014-02-28,41,28.25,True,0.036703092340260576,0.028745521877044874,0.05573810836691801
2014-03-07,28,284.75,False,0.11981918655400944,0.08311609421374887,0.08137053964175459
2014-03-14,1039,508.25,True,0.22880771693440896,0.10898853038039952,0.14034541055881633
2014-03-21,925,699.0,True,0.23232385731764002,0.003516140383231059,0.17713678926234583
2014-03-28,804,907.75,False,0.08160929487767317,-0.15071456243996684,0.13892579150847678
2014-04-04,863,,False,0.0,-0.08160929487767317,0.08335547490508606
